Title,Score,Upvote_ratio,Num_comments,Author,Subreddit,URL,Permalink,Created_utc,Is_self,Selftext,Flair,Domain,Search_query
Sunday Brunch,40,0.84,693,AutoModerator,nfl,https://www.reddit.com/r/nfl/comments/1omff3t/sunday_brunch/,https://www.reddit.com/r/nfl/comments/1omff3t/sunday_brunch/,1762084697.0,True,"&#x200B;

https://preview.redd.it/ohbxlx7plcyd1.png?width=828&format=png&auto=webp&s=e716fd7aeeffa3f10478a164369ce420321e815d

Welcome to today's open thread, where /r/nfl users can discuss anything they wish not related directly to the NFL.

Want to talk about personal life? Cool things about your fandom? Whatever happens to be dominating today's news cycle? Do you have something to talk about that didn't warrant its own thread? This is the place for it!

Remember, that there are other subreddits that may be a good fit for what you want to post - every day all day!

* /r/NFLFandom for showing off your fandom
* /r/NFL_Draft for talking in depth about the draft
* /r/NFLNoobs for noob questions, no judgment
* /r/nflblogs for posting blog posts - including your own
* /r/nflofftopic for talking about anything with NFL fans
* /r/nfffffffluuuuuuuuuuuu for all kinds of humor posts
* /r/nflcirclejerk for when /r/NFL just becomes too much
* ... and more - see the sidebar!",Free Talk,self.nfl,NFL
Post Game Thread: Seattle Seahawks at Washington Commanders,23,0.96,62,nfl_gdt_bot,nfl,https://www.reddit.com/r/nfl/comments/1on2en1/post_game_thread_seattle_seahawks_at_washington/,https://www.reddit.com/r/nfl/comments/1on2en1/post_game_thread_seattle_seahawks_at_washington/,1762143657.0,True,"#Seattle Seahawks at Washington Commanders

[ESPN Gamecast](https://www.espn.com/nfl/game/_/gameId/401772926/seahawks-commanders)

Northwest Stadium- Landover, MD

Network(s): NBC Peacock 

***

|Time Clock|
|:--:|
|Final|

**Scoreboard**

||Q1|Q2|Q3|Q4|Total|
|:--:|:--:|:--:|:--:|:--:|:--:|
|SEA|7|24|7|0|38|
|WSH|0|7|0|7|14|


**Scoring Plays**

| Team | Quarter | Type | Description |
|:--|:--|:--|:--|
| SEA | 1 | TD | Tory Horton 4 Yd pass from Sam Darnold (Jason Myers Kick) |
| SEA | 2 | TD | Tory Horton 25 Yd pass from Sam Darnold (Jason Myers Kick) |
| SEA | 2 | TD | Elijah Arroyo 26 Yd pass from Sam Darnold (Jason Myers Kick) |
| SEA | 2 | TD | Cody White 60 Yd pass from Sam Darnold (Jason Myers Kick) |
| WSH | 2 | TD | Jayden Daniels 1 Yd Rush (Matt Gay Kick) |
| SEA | 2 | FG | Jason Myers 41 Yd Field Goal  |
| SEA | 3 | TD | AJ Barner 1 Yd Rush (Jason Myers Kick) |
| WSH | 4 | TD | Chris Rodriguez Jr. 4 Yd Rush (Matt Gay Kick) |




**Passing Leaders**

|Team|Player|C/ATT|YDS|T...",Game Thread,self.nfl,NFL
[Highlight] Jaguars kicker Cam Little breaks NFL record with 68-yard field goal,20952,0.99,1005,nfl,nfl,https://v.redd.it/dvv1zt3c6xyf1,https://www.reddit.com/r/nfl/comments/1omuueq/highlight_jaguars_kicker_cam_little_breaks_nfl/,1762122342.0,False,,Highlight,v.redd.it,NFL
[Highlight] RB Chase Brown rips the Bengals defense: “What the f*ck... Finish the f*cking game.”,7224,0.99,669,Mission_Pay_3373,nfl,https://v.redd.it/xyj2pryorxyf1,https://www.reddit.com/r/nfl/comments/1omxjsb/highlight_rb_chase_brown_rips_the_bengals_defense/,1762129512.0,False,,Highlight,v.redd.it,NFL
"Sam Darnold in the 1st half: 16/16 for 282 yards, 4 TD, 0 INT, perfect 158.3 rating",3420,0.99,403,expellyamos,nfl,https://www.espn.com/nfl/boxscore/_/gameId/401772926,https://www.reddit.com/r/nfl/comments/1on0lwd/sam_darnold_in_the_1st_half_1616_for_282_yards_4/,1762138167.0,False,,N/A,espn.com,NFL
[Highlight] Josh Allen tries to sell unnecessary roughness on his slide,4984,0.96,1063,YoureASkyscraper,nfl,https://v.redd.it/fpwq36pbnxyf1,https://www.reddit.com/r/nfl/comments/1omx03l/highlight_josh_allen_tries_to_sell_unnecessary/,1762128030.0,False,,Highlight,v.redd.it,NFL
[Highlight] Panthers upset Packers on game-winning field goal at the buzzer,9138,0.99,907,nfl,nfl,https://v.redd.it/p66go12orwyf1,https://www.reddit.com/r/nfl/comments/1omstkb/highlight_panthers_upset_packers_on_gamewinning/,1762117383.0,False,,Highlight,v.redd.it,NFL
[Highlight] Rico Dowdle flagged for two-pump celebration,9574,1.0,350,MysteryBagIdeals,nfl,https://v.redd.it/l4y1ytwwiwyf1,https://www.reddit.com/r/nfl/comments/1omrklb/highlight_rico_dowdle_flagged_for_twopump/,1762114447.0,False,,Highlight,v.redd.it,NFL
[Highlight] Colston Loveland scores the go-ahead touchdown for the Bears!,6870,0.99,787,nfl,nfl,https://v.redd.it/ka2830kwwwyf1,https://www.reddit.com/r/nfl/comments/1omtk3j/highlight_colston_loveland_scores_the_goahead/,1762119143.0,False,,Highlight,v.redd.it,NFL
"Prior to today, Joe Flacco's career high in Passing Yards was 389 Yards. Today...a 40-Year-Old Flacco had 470.",6475,1.0,392,The_Throwback_King,nfl,https://www.reddit.com/r/nfl/comments/1omts7y/prior_to_today_joe_flaccos_career_high_in_passing/,https://www.reddit.com/r/nfl/comments/1omts7y/prior_to_today_joe_flaccos_career_high_in_passing/,1762119696.0,True,"A truly magnificent performance by The Elitest of Dragons, even in what amounted to a loss.",N/A,self.nfl,NFL
"[Highlight] Tipped ball called intentional grounding; there are ""no reviewable aspects on the play""",4232,0.97,1155,Large_banana_hammock,nfl,https://v.redd.it/axxiqaeugxyf1,https://www.reddit.com/r/nfl/comments/1omw7vm/highlight_tipped_ball_called_intentional/,1762125924.0,False,,Highlight,v.redd.it,NFL
"For the first time in his NFL career, Patrick Mahomes completed less than half of his passes in a game, going 15-34",2573,0.99,382,Pickleskennedy1,nfl,https://www.statmuse.com/nfl/ask/patrick-mahomes-lowest-completion-percentage-in-a-game,https://www.reddit.com/r/nfl/comments/1omxreb/for_the_first_time_in_his_nfl_career_patrick/,1762130093.0,False,,N/A,statmuse.com,NFL
[Highlights] “One fucking stop.” - a dejected Ja’marr Chase heading into the locker room after today’s loss,3093,0.99,470,CROYTSWRVTH,nfl,https://v.redd.it/u8pg226ldxyf1,https://www.reddit.com/r/nfl/comments/1omvs13/highlights_one_fucking_stop_a_dejected_jamarr/,1762124753.0,False,unrelated: He demanded that Tee Higgins ,Highlight,v.redd.it,NFL
"[Highlight] Bryce Young gets annihilated by Edgerrin Cooper, causing a skirmish on the sideline",6657,0.91,1014,YoureASkyscraper,nfl,https://v.redd.it/xcl3y7io0wyf1,https://www.reddit.com/r/nfl/comments/1omoxxv/highlight_bryce_young_gets_annihilated_by/,1762108307.0,False,,Highlight,v.redd.it,NFL
[Dubow] Joe Flacco's 448 yards passing are most ever by a player in his 40s. Tom Brady had previous record of 447 vs Saints on 9/17/2017 at age 40,3322,0.99,250,Drexlore,nfl,https://bsky.app/profile/joshdubowap.bsky.social/post/3m4ogyvwdfk2g,https://www.reddit.com/r/nfl/comments/1omtezs/dubow_joe_flaccos_448_yards_passing_are_most_ever/,1762118807.0,False,,N/A,bsky.app,NFL
[Highlight] The final two minutes of the Bears-Bengals,2674,0.99,322,nfl,nfl,https://v.redd.it/d6nvjq8wywyf1,https://www.reddit.com/r/nfl/comments/1omtu9i/highlight_the_final_two_minutes_of_the/,1762119837.0,False,,Highlight,v.redd.it,NFL
"[ESPN] Green Bay's loss as a 13.5-point favorite was the largest upset of the season, according to ESPN BET. It was also the biggest upset in the NFL since the 2023 season.",1201,0.98,180,yeetdootz,nfl,https://www.espn.com/nfl/story/_/id/46821120/packers-tucker-kraft-matthew-golden-ruled-injuries,https://www.reddit.com/r/nfl/comments/1omzdxx/espn_green_bays_loss_as_a_135point_favorite_was/,1762134660.0,False,,N/A,espn.com,NFL
[Highlight] CAM LITTLE. 68-YARD FIELD GOAL,2206,0.99,160,The_Throwback_King,nfl,https://v.redd.it/oabao1cj6xyf1,https://www.reddit.com/r/nfl/comments/1omuuzl/highlight_cam_little_68yard_field_goal/,1762122382.0,False,,Highlight,v.redd.it,NFL
[Injury] CJ Stroud gets blasted mid-slide,4020,0.97,1145,expellyamos,nfl,https://v.redd.it/upkeiuav2wyf1,https://www.reddit.com/r/nfl/comments/1omp9dv/injury_cj_stroud_gets_blasted_midslide/,1762109043.0,False,,Injury,v.redd.it,NFL
[Highlight] Darnold hits White for the TD!,851,0.99,315,Large_banana_hammock,nfl,https://v.redd.it/l827b5madyyf1,https://www.reddit.com/r/nfl/comments/1on04z5/highlight_darnold_hits_white_for_the_td/,1762136788.0,False,,Highlight,v.redd.it,NFL
[Highlight] Charlie Jones returns opening kickoff 99 yards for touchdown,3389,0.98,171,nfl,nfl,https://v.redd.it/pxf5m06svvyf1,https://www.reddit.com/r/nfl/comments/1omo8tm/highlight_charlie_jones_returns_opening_kickoff/,1762106659.0,False,,Highlight,v.redd.it,NFL
[Highlight] DJ Moore throws a touchdown to Caleb Williams,2992,0.98,174,nfl,nfl,https://v.redd.it/wob1ao5byvyf1,https://www.reddit.com/r/nfl/comments/1omolqg/highlight_dj_moore_throws_a_touchdown_to_caleb/,1762107511.0,False,,Highlight,v.redd.it,NFL
[Highlight] JJ McCarthy hits Jalen Nailor on 3rd down to seal the victory in Detroit,1444,0.97,178,comp_a,nfl,https://v.redd.it/bf0782xgwwyf1,https://www.reddit.com/r/nfl/comments/1omthsy/highlight_jj_mccarthy_hits_jalen_nailor_on_3rd/,1762118995.0,False,,Highlight,v.redd.it,NFL
[Highlight] Mahomes gets picked off by Maxwell Hairston,775,0.97,163,expellyamos,nfl,https://v.redd.it/u0r0yi8dpxyf1,https://www.reddit.com/r/nfl/comments/1omx9e5/highlight_mahomes_gets_picked_off_by_maxwell/,1762128715.0,False,,Highlight,v.redd.it,NFL
[Highlight] Daniel Jones gets strip-sacked for the 2nd time today and his 4th turnover of the day,1434,0.99,341,YoureASkyscraper,nfl,https://v.redd.it/14rimnd4owyf1,https://www.reddit.com/r/nfl/comments/1omsba7/highlight_daniel_jones_gets_stripsacked_for_the/,1762116190.0,False,,Highlight,v.redd.it,NFL
[Highlight] Tee Higgins makes insane contested catch for touchdown,1702,0.98,159,nfl,nfl,https://v.redd.it/l5pt747dbwyf1,https://www.reddit.com/r/nfl/comments/1omqgzw/highlight_tee_higgins_makes_insane_contested/,1762111901.0,False,,Highlight,v.redd.it,NFL
"[Highlight] Quenton Nelson ""congratulates"" Aaron Rodgers on the win",982,0.99,84,The_Throwback_King,nfl,https://v.redd.it/a8m6hvej5xyf1,https://www.reddit.com/r/nfl/comments/1omuqfm/highlight_quenton_nelson_congratulates_aaron/,1762122058.0,False,,Highlight,v.redd.it,NFL
[Highlight] Jaxson Dart gets hit HARD by Clelin Ferrell!,1723,0.99,148,Brix001,nfl,https://v.redd.it/ntr1aqu26wyf1,https://www.reddit.com/r/nfl/comments/1omppw5/highlight_jaxson_dart_gets_hit_hard_by_clelin/,1762110121.0,False,,Highlight,v.redd.it,NFL
[Highlight] Raiders go for 2 at the end of OT; Hamilton swats down Geno's pass and Jaguars win!,622,0.98,204,Large_banana_hammock,nfl,https://v.redd.it/1w952zy9sxyf1,https://www.reddit.com/r/nfl/comments/1omxmc6/highlight_raiders_go_for_2_at_the_end_of_ot/,1762129707.0,False,,Highlight,v.redd.it,NFL
[Highlight] Justin Jefferson one-handed TD catch from JJ McCarthy,1918,0.98,152,nfl,nfl,https://v.redd.it/y086iq4wxvyf1,https://www.reddit.com/r/nfl/comments/1omojkh/highlight_justin_jefferson_onehanded_td_catch/,1762107377.0,False,,Highlight,v.redd.it,NFL
[Highlight] Terrion Arnold snatches away unreal INT for his first career pick,1538,0.94,442,nfl,nfl,https://v.redd.it/raqmahk8awyf1,https://www.reddit.com/r/nfl/comments/1omqbdi/highlight_terrion_arnold_snatches_away_unreal_int/,1762111530.0,False,,Highlight,v.redd.it,NFL
"[Highlight] Beach ball rolls onto the field at Lambeau, Panthers player picks it up",1570,0.99,82,nfl,nfl,https://v.redd.it/zl76picj5wyf1,https://www.reddit.com/r/nfl/comments/1ompn0r/highlight_beach_ball_rolls_onto_the_field_at/,1762109942.0,False,,Highlight,v.redd.it,NFL
The Bills Have Won 4 Straight Games Against The Chiefs In The Regular Season Since 2021,492,0.95,162,Desperate-Emu4297,nfl,https://www.reddit.com/r/nfl/comments/1omxpod/the_bills_have_won_4_straight_games_against_the/,https://www.reddit.com/r/nfl/comments/1omxpod/the_bills_have_won_4_straight_games_against_the/,1762129957.0,True,With Their 28-21 Win Over the Chiefs the Bills Have Won 4 Regular Season Straight Games Against The Chiefs Sindeal 2021,N/A,self.nfl,NFL
[Highlight] Jordan Love gets picked off,1083,0.97,288,expellyamos,nfl,https://v.redd.it/c4ork3wtgwyf1,https://www.reddit.com/r/nfl/comments/1omr9hr/highlight_jordan_love_gets_picked_off/,1762113739.0,False,,Highlight,v.redd.it,NFL
[TotalProSports] Daiyan Henley's brother was murdered on Halloween,1641,0.97,135,Candid-Boss6534,nfl,https://www.totalprosports.com/nfl/los-angeles-rams/brother-of-star-son-of-prominent-rap-figure-brutally-murdered-los-angeles/,https://www.reddit.com/r/nfl/comments/1omnu84/totalprosports_daiyan_henleys_brother_was/,1762105708.0,False,he's still starting today. I couldn't find a link from a better site but it's widely reported enough,Serious,totalprosports.com,NFL
[Pelissero] Commanders QB Jayden Daniels is walking off the field with his left arm in a brace after suffering what appears to be a significant injury.,254,0.98,153,MembershipSingle7137,nfl,https://bsky.app/profile/tompelissero.bsky.social/post/3m4p5fob22224,https://www.reddit.com/r/nfl/comments/1on25gn/pelissero_commanders_qb_jayden_daniels_is_walking/,1762142847.0,False,,N/A,bsky.app,NFL
"[Highlight] Darnold's third TD pass of the half, this one to Elijah Arroyo",313,0.99,116,nfl,nfl,https://v.redd.it/dv66irkgbyyf1,https://www.reddit.com/r/nfl/comments/1omzx6s/highlight_darnolds_third_td_pass_of_the_half_this/,1762136156.0,False,,Highlight,v.redd.it,NFL
Post Game Thread: Chicago Bears at Cincinnati Bengals,719,0.97,940,nfl_gdt_bot,nfl,https://www.reddit.com/r/nfl/comments/1omtoku/post_game_thread_chicago_bears_at_cincinnati/,https://www.reddit.com/r/nfl/comments/1omtoku/post_game_thread_chicago_bears_at_cincinnati/,1762119447.0,True,"#Chicago Bears at Cincinnati Bengals

[ESPN Gamecast](https://www.espn.com/nfl/game/_/gameId/401772765/bears-bengals)

Paycor Stadium- Cincinnati, OH

Network(s): CBS 

***

|Time Clock|
|:--:|
|Final|

**Scoreboard**

||Q1|Q2|Q3|Q4|Total|
|:--:|:--:|:--:|:--:|:--:|:--:|
|CHI|7|10|14|16|47|
|CIN|10|10|7|15|42|


**Scoring Plays**

| Team | Quarter | Type | Description |
|:--|:--|:--|:--|
| CIN | 1 | TD | Charlie Jones 98 Yd Kickoff Return (Evan McPherson Kick) |
| CHI | 1 | TD | Caleb Williams 2 Yd pass from DJ Moore (Cairo Santos Kick) |
| CIN | 1 | FG | Evan McPherson 41 Yd Field Goal |
| CHI | 2 | TD | Olamide Zaccheaus 15 Yd pass from Caleb Williams (Cairo Santos Kick) |
| CIN | 2 | FG | Evan McPherson 33 Yd Field Goal |
| CHI | 2 | FG | Cairo Santos 24 Yd Field Goal |
| CIN | 2 | TD | Tee Higgins 44 Yd pass from Joe Flacco (Evan McPherson Kick) |
| CHI | 3 | TD | Colston Loveland 5 Yd pass from Caleb Williams (Cairo Santos Kick) |
| CIN | 3 | TD | Tee Higgins 2 Yd pass from Joe Fl...",Game Thread,self.nfl,NFL
[Injury]: Steelers quarterback Aaron Rodgers appears to be struggling with a hand injury during the pre-game warm-up.,1470,0.98,144,TrenAt14,nfl,https://v.redd.it/4znkt8wkrvyf1,https://www.reddit.com/r/nfl/comments/1omnnlf/injury_steelers_quarterback_aaron_rodgers_appears/,1762105292.0,False,,Injury,v.redd.it,NFL
[Highlight] Aidan Hutchinson called for unnecessary roughness on JJ Mccarthy,1103,0.92,363,devil-lion-steeler,nfl,https://v.redd.it/y819wk9i7wyf1,https://www.reddit.com/r/nfl/comments/1ompx8n/highlight_aidan_hutchinson_called_for_unnecessary/,1762110601.0,False,,Highlight,v.redd.it,NFL
[Highlight] Every Sam Darnold pass attempt from the first half (hint: they're all completions),259,0.96,45,nfl,nfl,https://v.redd.it/ku7opx8cjyyf1,https://www.reddit.com/r/nfl/comments/1on0u2u/highlight_every_sam_darnold_pass_attempt_from_the/,1762138836.0,False,,Highlight,v.redd.it,NFL
[Highlight] Seattle's first play after fumble recovery is a TD,284,0.99,60,Large_banana_hammock,nfl,https://v.redd.it/pll2phsibyyf1,https://www.reddit.com/r/nfl/comments/1omzxg8/highlight_seattles_first_play_after_fumble/,1762136178.0,False,,Highlight,v.redd.it,NFL
[Highlight] Tony Romo makes a noise,604,0.97,68,expellyamos,nfl,https://v.redd.it/bikrpy292xyf1,https://www.reddit.com/r/nfl/comments/1omuajp/highlight_tony_romo_makes_a_noise/,1762120941.0,False,,Highlight,v.redd.it,NFL
[Highlight] Darnold finds JSN on the sideline to get in field goal range,253,0.99,54,Large_banana_hammock,nfl,https://v.redd.it/r1oo7a01hyyf1,https://www.reddit.com/r/nfl/comments/1on0kbp/highlight_darnold_finds_jsn_on_the_sideline_to/,1762138038.0,False,,Highlight,v.redd.it,NFL
[Highlight] Patriots WR Mack Hollins ready for today’s battle,1406,0.97,56,LaDainianTomIinson,nfl,https://v.redd.it/mqw91xtwnvyf1,https://www.reddit.com/r/nfl/comments/1omn3lt/highlight_patriots_wr_mack_hollins_ready_for/,1762104012.0,False,,Highlight,v.redd.it,NFL
[Highlight] JJ McCarthy's second TD pass of the first quarter goes to TJ Hockenson,1104,0.97,172,nfl,nfl,https://v.redd.it/qc53xxdi0wyf1,https://www.reddit.com/r/nfl/comments/1omox1r/highlight_jj_mccarthys_second_td_pass_of_the/,1762108248.0,False,,Highlight,v.redd.it,NFL
[Highlight] Mahomes is picked off by rookie Maxwell Hairston after Joey Bosa gets pressure,357,0.93,107,nfl,nfl,https://v.redd.it/18dtcjtmpxyf1,https://www.reddit.com/r/nfl/comments/1omxans/highlight_mahomes_is_picked_off_by_rookie_maxwell/,1762128808.0,False,,Highlight,v.redd.it,NFL
"In the same game, Cam Little has achieved two NFL firsts",308,0.98,38,fletchdog21,nfl,https://www.reddit.com/r/nfl/comments/1omxnem/in_the_same_game_cam_little_has_achieved_two_nfl/,https://www.reddit.com/r/nfl/comments/1omxnem/in_the_same_game_cam_little_has_achieved_two_nfl/,1762129791.0,True,"1. First field goal >66 yards
2. First extra point in an overtime*

*As far as I can find",N/A,self.nfl,NFL
"Joe Flacco joins Tom Brady (5 times), Brett Favre, and Warren Moon as the only QBs aged 40+ to throw for 400+ yards in a game. He's the only one to throw for 450+.",164,0.99,42,chemicalxv,nfl,https://www.reddit.com/r/nfl/comments/1on1se4/joe_flacco_joins_tom_brady_5_times_brett_favre/,https://www.reddit.com/r/nfl/comments/1on1se4/joe_flacco_joins_tom_brady_5_times_brett_favre/,1762141728.0,True,"Previously Peyton Manning was the oldest QB to throw for 450+ yards in a game at 38 years, 195 days.

3 of the 5 times Brady did it were in his 2nd year with Tampa (2021), when he was 44 years old. He had one final one the second-last game of the 2022 season, when he was 45 years old.",N/A,self.nfl,NFL
[Highlight] Tremaine Edmunds intercepts Joe Flacco for 96-yard Pick-6,549,0.92,164,nfl,nfl,https://v.redd.it/w8tsalbdswyf1,https://www.reddit.com/r/nfl/comments/1omsx42/highlight_tremaine_edmunds_intercepts_joe_flacco/,1762117622.0,False,,Highlight,v.redd.it,NFL
[Highlight] Jayden Daniels under pressure throws the pick!,221,0.98,136,Large_banana_hammock,nfl,https://v.redd.it/1q9r5vth8yyf1,https://www.reddit.com/r/nfl/comments/1omzk6v/highlight_jayden_daniels_under_pressure_throws/,1762135161.0,False,,Highlight,v.redd.it,NFL
"After week 9, the Bears have a better record than the Chiefs. The last time the Bears had a better record than the Chiefs at this time during a season was 2012.",284,0.96,42,calvins48,nfl,https://www.reddit.com/r/nfl/comments/1omxl7l/after_week_9_the_bears_have_a_better_record_than/,https://www.reddit.com/r/nfl/comments/1omxl7l/after_week_9_the_bears_have_a_better_record_than/,1762129621.0,True,"The Bears were 7-1 after week 9 during the 2012 season, the Chiefs were 1-7.",N/A,self.nfl,NFL
[Highlight] Nate Landman with the perfect peanut punch to force fumble,350,0.99,45,nfl,nfl,https://v.redd.it/u4j2fmsyexyf1,https://www.reddit.com/r/nfl/comments/1omvyiv/highlight_nate_landman_with_the_perfect_peanut/,1762125221.0,False,,Highlight,v.redd.it,NFL
[Highlight] Rice gets extremely wide open on a 4th and 17,304,0.93,135,Moose4KU,nfl,https://v.redd.it/j8rbenlzlxyf1,https://www.reddit.com/r/nfl/comments/1omwu68/highlight_rice_gets_extremely_wide_open_on_a_4th/,1762127581.0,False,,Highlight,v.redd.it,NFL
[Highlight] Wil Lutz hits the 34-yarder and Broncos come back to win again!,468,0.96,206,Large_banana_hammock,nfl,https://v.redd.it/nw9jf6tbvwyf1,https://www.reddit.com/r/nfl/comments/1omtc8f/highlight_wil_lutz_hits_the_34yarder_and_broncos/,1762118619.0,False,,Highlight,v.redd.it,NFL
The Bears rookies have a coming out party against the Bengals,437,0.95,106,ShaiFanClub,nfl,https://www.reddit.com/r/nfl/comments/1omts1y/the_bears_rookies_have_a_coming_out_party_against/,https://www.reddit.com/r/nfl/comments/1omts1y/the_bears_rookies_have_a_coming_out_party_against/,1762119684.0,True,"Kyle Monangai: 26 carries for 176 yards and 3 catches for 22 yards

Colston Loveland: 6 catches for 118 yards and 2 TDs 

Both of these guys got the chance to show what they can do with Swift and Kmet hurt and delivered. 

Source: [https://www.espn.com/nfl/boxscore/\_/gameId/401772765](https://www.espn.com/nfl/boxscore/_/gameId/401772765)",N/A,self.nfl,NFL
[Highlight] Drake Maye connects with Pop Douglas for six,808,0.96,96,nfl,nfl,https://v.redd.it/56qhqd2rxvyf1,https://www.reddit.com/r/nfl/comments/1omoirx/highlight_drake_maye_connects_with_pop_douglas/,1762107326.0,False,,Highlight,v.redd.it,NFL
[Highlight] Colts fake the punt at their own 25,731,1.0,69,jbvann05,nfl,https://v.redd.it/k2bbmpgc3wyf1,https://www.reddit.com/r/nfl/comments/1ompc3t/highlight_colts_fake_the_punt_at_their_own_25/,1762109218.0,False,,Highlight,v.redd.it,NFL
[Highlight] Drake London makes sick one-handed TD catch for the hat trick,510,0.98,79,nfl,nfl,https://v.redd.it/vbwlltq0owyf1,https://www.reddit.com/r/nfl/comments/1omsawg/highlight_drake_london_makes_sick_onehanded_td/,1762116162.0,False,,Highlight,v.redd.it,NFL
Most Bengals defensive players refused to talk to media,149,0.99,90,Autocrat777,nfl,https://www.nbcsports.com/nfl/profootballtalk/rumor-mill/news/most-bengals-defensive-players-refused-to-talk-to-media,https://www.reddit.com/r/nfl/comments/1on1flc/most_bengals_defensive_players_refused_to_talk_to/,1762140643.0,False,,N/A,nbcsports.com,NFL
"[Rapoport] If the Dolphins decide to move on from Tua this offseason, there are a couple forms it could take. A breakdown:",1219,0.96,479,Top-Conclusion-1259,nfl,https://www.threads.com/@rapsheet/post/DQj0pRDiRgb?xmt=AQF0KAmcyqG8BYSEC9PWgjxB5zq4EEJ6uKzTcqehmNBY4A&slof=1,https://www.reddit.com/r/nfl/comments/1omkyfm/rapoport_if_the_dolphins_decide_to_move_on_from/,1762099065.0,False,,N/A,threads.com,NFL
Bengal's 1st round pick Shemar Stewart currently has 2 solo tackles on the season,149,0.99,32,HoLeeSchittt,nfl,https://www.reddit.com/r/nfl/comments/1on161v/bengals_1st_round_pick_shemar_stewart_currently/,https://www.reddit.com/r/nfl/comments/1on161v/bengals_1st_round_pick_shemar_stewart_currently/,1762139833.0,True,"Players with more solo tackles:

-Keenan Allen
-Rico Dowdle
-DK Metcalf
-De'von Achane

Stewart also has 0 sacks
",N/A,self.nfl,NFL
Post Game Thread: Carolina Panthers at Green Bay Packers,463,0.96,684,nfl_gdt_bot,nfl,https://www.reddit.com/r/nfl/comments/1omstv6/post_game_thread_carolina_panthers_at_green_bay/,https://www.reddit.com/r/nfl/comments/1omstv6/post_game_thread_carolina_panthers_at_green_bay/,1762117404.0,True,"#Carolina Panthers at Green Bay Packers

[ESPN Gamecast](https://www.espn.com/nfl/game/_/gameId/401772872/panthers-packers)

Lambeau Field- Green Bay, WI

Network(s): FOX 

***

|Time Clock|
|:--:|
|Final|

**Scoreboard**

||Q1|Q2|Q3|Q4|Total|
|:--:|:--:|:--:|:--:|:--:|:--:|
|CAR|0|7|6|3|16|
|GB|0|6|0|7|13|


**Scoring Plays**

| Team | Quarter | Type | Description |
|:--|:--|:--|:--|
| GB | 2 | FG | Brandon McManus 49 Yd Field Goal |
| CAR | 2 | TD | Rico Dowdle 5 Yd Rush (Ryan Fitzgerald Kick) |
| GB | 2 | FG | Brandon McManus 27 Yd Field Goal |
| CAR | 3 | TD | Rico Dowdle 1 Yd Rush (Ryan Fitzgerald PAT Failed) |
| GB | 4 | TD | Josh Jacobs 1 Yd Rush (Brandon McManus Kick) |
| CAR | 4 | FG | Ryan Fitzgerald 49 Yd Field Goal |




**Passing Leaders**

|Team|Player|C/ATT|YDS|TD|INT|SACKS|
|:--|:--|--:|--:|--:|--:|--:|
| CAR | Bryce Young | 11/20 | 102 | 0 | 1 | 1-0 |
| GB | Jordan Love | 26/37 | 273 | 0 | 1 | 1-8 |

**Rushing Leaders**

|Team|Player|CAR|YDS|AVG|TD|LONG|
|:--|:--|--:|-...",Game Thread,self.nfl,NFL
[Highlight] Seahawks rookie WR Tory Horton's second TD of the first half,179,0.98,32,nfl,nfl,https://v.redd.it/fa2tps1gayyf1,https://www.reddit.com/r/nfl/comments/1omzstb/highlight_seahawks_rookie_wr_tory_hortons_second/,1762135816.0,False,,Highlight,v.redd.it,NFL
Sam Darnold’s day is done: 21/24 for 330 yards and 4 TD,136,0.99,50,MembershipSingle7137,nfl,https://www.espn.com/nfl/matchup?gameId=401772926,https://www.reddit.com/r/nfl/comments/1on2a34/sam_darnolds_day_is_done_2124_for_330_yards_and_4/,1762143249.0,False,,N/A,espn.com,NFL
Jaxson Smith-Njigba is the 6th Receiver in NFL History with 5 Games of 120 Rec. Yards in a team's first 8 games,133,0.95,35,The_Throwback_King,nfl,https://www.reddit.com/r/nfl/comments/1on1nmr/jaxson_smithnjigba_is_the_6th_receiver_in_nfl/,https://www.reddit.com/r/nfl/comments/1on1nmr/jaxson_smithnjigba_is_the_6th_receiver_in_nfl/,1762141322.0,True,"He joins 1954 Bob Boyd (of the Rams), 1962 Bobby Mitchell (of the Washington Redskins), 1968 Lance Alworth (of the Chargers), 2011 Wes Welker (of the Patriots), and 2023 A.J. Brown (of the Eagles)",N/A,self.nfl,NFL
"[Highlight] Flacco can't get the ball to the endzone, and the Bears win!",402,0.97,158,Large_banana_hammock,nfl,https://v.redd.it/dwl07t92ywyf1,https://www.reddit.com/r/nfl/comments/1omtq5u/highlight_flacco_cant_get_the_ball_to_the_endzone/,1762119551.0,False,,Highlight,v.redd.it,NFL
[Highlight] Sam LaPorta beasts his way into the end zone for a 40-yard TD,723,0.97,75,nfl,nfl,https://v.redd.it/s5wag1ohwvyf1,https://www.reddit.com/r/nfl/comments/1omocfo/highlight_sam_laporta_beasts_his_way_into_the_end/,1762106898.0,False,,Highlight,v.redd.it,NFL
[Highlight] Entire final drive of Chiefs - Bills game,224,0.93,79,nfl,nfl,https://v.redd.it/99ma8ktrsxyf1,https://www.reddit.com/r/nfl/comments/1omxpku/highlight_entire_final_drive_of_chiefs_bills_game/,1762129949.0,False,,Highlight,v.redd.it,NFL
[Highlight] Seattle recovers Lane's fumble on the kickoff!,163,0.98,36,Large_banana_hammock,nfl,https://v.redd.it/r74nlto5byyf1,https://www.reddit.com/r/nfl/comments/1omzvwx/highlight_seattle_recovers_lanes_fumble_on_the/,1762136057.0,False,,Highlight,v.redd.it,NFL
"[Highlight] JJ McCarthy sidesteps a tackler for a 7-yd TD run, his 3rd of the day",475,0.97,107,MysteryBagIdeals,nfl,https://v.redd.it/exlt51hbkwyf1,https://www.reddit.com/r/nfl/comments/1omrsno/highlight_jj_mccarthy_sidesteps_a_tackler_for_a/,1762114969.0,False,,Highlight,v.redd.it,NFL
Today was the first time the Bears have put up over 500+ yards of offense since 2016,150,0.92,53,milin85,nfl,https://www.reddit.com/r/nfl/comments/1on06ci/today_was_the_first_time_the_bears_have_put_up/,https://www.reddit.com/r/nfl/comments/1on06ci/today_was_the_first_time_the_bears_have_put_up/,1762136902.0,True,"They also had never beaten an opponent that had scored 40+ IN TEAM HISTORY. 

Iconic win for Da Bears (let’s conveniently ignore the defense)",N/A,self.nfl,NFL
Post Game Thread: Kansas City Chiefs at Buffalo Bills,218,0.96,611,nfl_gdt_bot,nfl,https://www.reddit.com/r/nfl/comments/1omxl2s/post_game_thread_kansas_city_chiefs_at_buffalo/,https://www.reddit.com/r/nfl/comments/1omxl2s/post_game_thread_kansas_city_chiefs_at_buffalo/,1762129612.0,True,"#Kansas City Chiefs at Buffalo Bills

[ESPN Gamecast](https://www.espn.com/nfl/game/_/gameId/401772768/chiefs-bills)

Highmark Stadium- Orchard Park, NY

Network(s): CBS 

***

|Time Clock|
|:--:|
|Final|

**Scoreboard**

||Q1|Q2|Q3|Q4|Total|
|:--:|:--:|:--:|:--:|:--:|:--:|
|KC|0|13|0|8|21|
|BUF|7|14|7|0|28|


**Scoring Plays**

| Team | Quarter | Type | Description |
|:--|:--|:--|:--|
| BUF | 1 | TD | Dalton Kincaid 23 Yd pass from Josh Allen (Matt Prater Kick) |
| KC | 2 | TD | Rashee Rice 3 Yd Rush (Harrison Butker Kick) |
| KC | 2 | FG | Harrison Butker 46 Yd Field Goal |
| BUF | 2 | TD | Ty Johnson 3 Yd Rush (Matt Prater Kick) |
| BUF | 2 | TD | Josh Allen 1 Yd Rush (Matt Prater Kick) |
| KC | 2 | FG | Harrison Butker 19 Yd Field Goal |
| BUF | 3 | TD | Josh Allen 1 Yd Rush (Matt Prater Kick) |
| KC | 4 | TD | Kareem Hunt 2 Yd Rush (Patrick Mahomes Pass to Travis Kelce for Two-Point Conversion) |




**Passing Leaders**

|Team|Player|C/ATT|YDS|TD|INT|SACKS|
|:--|:--|--:|--:|--:|--...",Game Thread,self.nfl,NFL
"[Stu Jackson] With four passing TDs and 0 INTs today, Matthew Stafford became the fourth QB ever (fifth instance) with 20+ passing TD and 2-or-fewer INT in their team’s first 8 games of a season.",194,0.94,118,WxBlue,nfl,https://bsky.app/profile/stujrams.bsky.social/post/3m4ops42t4223,https://www.reddit.com/r/nfl/comments/1omyceg/stu_jackson_with_four_passing_tds_and_0_ints/,1762131703.0,False,,N/A,bsky.app,NFL
Bears' rookie Kyle Monongai's 176 yards of rushing today is the most by a rookie this season by a significant margin,292,0.98,45,John3Fingers,nfl,https://www.statmuse.com/nfl/ask/most-rookie-rushing-yards-in-a-game-2025,https://www.reddit.com/r/nfl/comments/1omvb0f/bears_rookie_kyle_monongais_176_yards_of_rushing/,1762123550.0,False,"Ashton Jeanty has the next highest rushing total among rookie RBs, 138 on the ground against Chicago a few weeks back.

Kyle Monongai is a 7th round pick who had just 81 yards rushing through the first five weeks off the season.",N/A,statmuse.com,NFL
"[Highlight] Drake Maye with the clutch 3rd down throw to Hunter Henry to ice the game. With that throw, Drake Maye went over 100 passer rating, for his 8th straight game of 200+ passing yards and 100+ passer rating. This is the 2nd longest streak in NFL history, and the longest for a player < 24yo",396,0.89,111,TheRuralCamel,nfl,https://v.redd.it/cjenv0brswyf1,https://www.reddit.com/r/nfl/comments/1omsz5v/highlight_drake_maye_with_the_clutch_3rd_down/,1762117760.0,False,,Highlight,v.redd.it,NFL
[Highlight] JJ McCarthy in the locker room after win,280,0.93,48,seoulbrova,nfl,https://v.redd.it/3h26kpv4bxyf1,https://www.reddit.com/r/nfl/comments/1omvgfb/highlight_jj_mccarthy_in_the_locker_room_after_win/,1762123930.0,False,Team is absolutely amped for the kid,Highlight,v.redd.it,NFL
[Schefter] Bills HC Sean McDermott announced that DE Michael Hoecht did in fact tear his Achilles during today’s game vs. the Chiefs.,177,0.99,75,MembershipSingle7137,nfl,https://www.threads.com/@adamschefter/post/DQk2JN0jQZ4?xmt=AQF02UHg__Tg7yYlx0UXFGZDtoNTlHVENaTS71UTssc8Ig&slof=1,https://www.reddit.com/r/nfl/comments/1omyt3z/schefter_bills_hc_sean_mcdermott_announced_that/,1762133004.0,False,,N/A,threads.com,NFL
[Highlight] Matthew Stafford completes no-look pass to Davante Adams on the deep in route,233,0.96,69,nfl,nfl,https://v.redd.it/0s0c4zkkkxyf1,https://www.reddit.com/r/nfl/comments/1omwo0n/highlight_matthew_stafford_completes_nolook_pass/,1762127127.0,False,,Highlight,v.redd.it,NFL
"[Highlight] After review, Josh Allen scores his 78th rushing touchdown, beating Cam Newton's record for QB rushing TDs",279,0.96,78,MysteryBagIdeals,nfl,https://v.redd.it/f8ka57zw8xyf1,https://www.reddit.com/r/nfl/comments/1omv6fv/highlight_after_review_josh_allen_scores_his_78th/,1762123219.0,False,,Highlight,v.redd.it,NFL
"Through 8 games this season, James Cook has run for 867 yards, an average of 108.4 per game. That is the most by a Buffalo Bills running back since O.J. Simpson in 1975",167,0.98,38,Pickleskennedy1,nfl,https://www.statmuse.com/nfl/ask/most-rushing-yards-per-game-by-a-buffalo-bills-player-in-a-single-season,https://www.reddit.com/r/nfl/comments/1omz196/through_8_games_this_season_james_cook_has_run/,1762133663.0,False,,N/A,statmuse.com,NFL
[Highlight] Bengals recover onside kick down 6 with under 2 minutes to go,358,0.98,85,nfl,nfl,https://v.redd.it/0wk4jnoyuwyf1,https://www.reddit.com/r/nfl/comments/1omtaj6/highlight_bengals_recover_onside_kick_down_6_with/,1762118507.0,False,,Highlight,v.redd.it,NFL
[Highlight] Darnold airs it out to Horton for a second TD!,150,0.99,37,Large_banana_hammock,nfl,https://v.redd.it/macxjtacayyf1,https://www.reddit.com/r/nfl/comments/1omzsge/highlight_darnold_airs_it_out_to_horton_for_a/,1762135785.0,False,,Highlight,v.redd.it,NFL
[Highlight] Matt Prater doinks the potentially game-sealing field goal with 24 seconds left,208,0.96,52,MysteryBagIdeals,nfl,https://v.redd.it/627qrvxgrxyf1,https://www.reddit.com/r/nfl/comments/1omxiui/highlight_matt_prater_doinks_the_potentially/,1762129440.0,False,,Highlight,v.redd.it,NFL
[Highlight] Puka Nacua makes insane grab for Rams TD,311,0.96,81,nfl,nfl,https://v.redd.it/qauorxhr2xyf1,https://www.reddit.com/r/nfl/comments/1omud11/highlight_puka_nacua_makes_insane_grab_for_rams_td/,1762121119.0,False,,Highlight,v.redd.it,NFL
[Highlight] Bears owner George McCaskey reacts to game winning touchdown,158,0.95,32,CurrentlyNa,nfl,https://v.redd.it/ldbyn3ft5yyf1,https://www.reddit.com/r/nfl/comments/1omz8mg/highlight_bears_owner_george_mccaskey_reacts_to/,1762134247.0,False,,Highlight,v.redd.it,NFL
[Highlight] Insane toe-tap catch is Ty Okada's first pick (replays),150,0.99,10,Large_banana_hammock,nfl,https://v.redd.it/c45lywx19yyf1,https://www.reddit.com/r/nfl/comments/1omzmzk/highlight_insane_toetap_catch_is_ty_okadas_first/,1762135365.0,False,,Highlight,v.redd.it,NFL
"[Fishbain] Also via Bears PR: “Caleb Williams became the first player in NFL history with at least 275 passing yards, 50 rushing yards and 20 receiving yards in a single game, and became the first starting QB with two receptions in a game since 1953 (Baltimore Colts QB George Taliaferro).”",154,0.89,37,Dunlocke,nfl,https://bsky.app/profile/kfishbain.bsky.social/post/3m4otzsacvc27,https://www.reddit.com/r/nfl/comments/1omz7ys/fishbain_also_via_bears_pr_caleb_williams_became/,1762134194.0,False,,N/A,bsky.app,NFL
[Highlight] Bowers with the TD. One cheek = two feet,289,0.98,26,harknation,nfl,https://v.redd.it/w6goau985xyf1,https://www.reddit.com/r/nfl/comments/1omuoyy/highlight_bowers_with_the_td_one_cheek_two_feet/,1762121960.0,False,,Highlight,v.redd.it,NFL
[Highlight] Reactions to Cam Little's record-breaking 68-yard field goal,266,0.99,45,nfl,nfl,https://v.redd.it/8rklt1fb8xyf1,https://www.reddit.com/r/nfl/comments/1omv37z/highlight_reactions_to_cam_littles_recordbreaking/,1762122984.0,False,,Highlight,v.redd.it,NFL
[Highlight] Daniel Jones chucks up a pick to Joey Porter Jr. for yet another turnover,325,0.98,157,MysteryBagIdeals,nfl,https://v.redd.it/3n9gil28swyf1,https://www.reddit.com/r/nfl/comments/1omswiz/highlight_daniel_jones_chucks_up_a_pick_to_joey/,1762117582.0,False,,Highlight,v.redd.it,NFL
The Chiefs Have Started 5-4 For The First Time Since 2021,174,0.75,97,Desperate-Emu4297,nfl,https://www.reddit.com/r/nfl/comments/1omxlkd/the_chiefs_have_started_54_for_the_first_time/,https://www.reddit.com/r/nfl/comments/1omxlkd/the_chiefs_have_started_54_for_the_first_time/,1762129647.0,True,With Their 21-28 Loss to the Bills They Have Started 5-4 For the First Time Since 2021 ,N/A,self.nfl,NFL
[Highlight] Bears draw up the trickiest of trick plays,266,0.97,34,nfl,nfl,https://v.redd.it/4f69cax43xyf1,https://www.reddit.com/r/nfl/comments/1omuf6w/highlight_bears_draw_up_the_trickiest_of_trick/,1762121276.0,False,,Highlight,v.redd.it,NFL
The 2025 Bengals defense is averaging -.17 EPA/play and allowing 33.3 points per game. These are the worst statistical numbers in each category in the last 25 years. Per @JakeLiscow,267,1.0,100,ButterFingerzMCPE,nfl,https://www.reddit.com/r/nfl/comments/1omu90t/the_2025_bengals_defense_is_averaging_17_epaplay/,https://www.reddit.com/r/nfl/comments/1omu90t/the_2025_bengals_defense_is_averaging_17_epaplay/,1762120845.0,True,Also giving up an average 426.6 yards per game. Reposted due to typo.,N/A,self.nfl,NFL
[Highlight] Darnold throws a pick,99,0.92,62,Large_banana_hammock,nfl,https://v.redd.it/bvgw6lezmyyf1,https://www.reddit.com/r/nfl/comments/1on18hy/highlight_darnold_throws_a_pick/,1762140036.0,False,,Highlight,v.redd.it,NFL
[Highlight] JJ McCarthy with equal parts greatest & worst Griddy,152,0.79,107,seoulbrova,nfl,https://v.redd.it/78flvn04vxyf1,https://www.reddit.com/r/nfl/comments/1omxyep/highlight_jj_mccarthy_with_equal_parts_greatest/,1762130645.0,False,,Highlight,v.redd.it,NFL
[Highlight] Trevor Lawrence gets picked off in the endzone,266,0.99,162,expellyamos,nfl,https://v.redd.it/5opiaz7kxwyf1,https://www.reddit.com/r/nfl/comments/1omtnaz/highlight_trevor_lawrence_gets_picked_off_in_the/,1762119364.0,False,,Highlight,v.redd.it,NFL
The New England Patriots' defense have still yet to allow a RB to rush for more than 50 yards this season.,126,0.92,44,AcidThunder,nfl,https://www.statmuse.com/nfl/ask/running-back-with-the-most-rushing-yards-vs-patriots-each-game-2025,https://www.reddit.com/r/nfl/comments/1omzghd/the_new_england_patriots_defense_have_still_yet/,1762134864.0,False,,N/A,statmuse.com,NFL
[Highlight] Bryce Young’s reaction to Carolina’s unlikely win in Green Bay,193,0.96,39,Accurate-Big-7233,nfl,https://v.redd.it/rlc8hh89exyf1,https://www.reddit.com/r/nfl/comments/1omvvdi/highlight_bryce_youngs_reaction_to_carolinas/,1762124992.0,False,,Highlight,v.redd.it,NFL
"[Highlight] Vikings block late field goal, Isaiah Rodgers returns into Detroit territory",283,0.97,89,nfl,nfl,https://v.redd.it/yjdmccu7qwyf1,https://www.reddit.com/r/nfl/comments/1omslwg/highlight_vikings_block_late_field_goal_isaiah/,1762116896.0,False,,Highlight,v.redd.it,NFL
